               epoch,      train/box_loss,      train/obj_loss,      train/cls_loss,   metrics/precision,      metrics/recall,     metrics/mAP_0.5,metrics/mAP_0.5:0.95,        val/box_loss,        val/obj_loss,        val/cls_loss,               x/lr0,               x/lr1,               x/lr2
                   0,             0.10038,            0.020747,            0.037958,            0.002537,            0.018173,           0.0014344,          0.00034144,            0.080945,             0.01275,            0.032853,            0.070238,           0.0033069,           0.0033069
                   1,            0.083901,            0.017647,            0.034888,           0.0017589,             0.52176,           0.0037557,          0.00085793,            0.072897,           0.0095184,             0.03061,            0.040172,           0.0065745,           0.0065745
                   2,            0.080132,            0.016411,            0.031886,           0.0021016,             0.55001,           0.0031923,           0.0007311,            0.086586,           0.0082938,            0.040279,            0.010041,           0.0097761,           0.0097761
                   3,            0.074167,            0.016553,              0.0268,             0.71056,            0.061728,            0.038765,            0.012487,            0.066799,            0.013146,            0.027554,            0.009703,            0.009703,            0.009703
                   4,            0.067309,            0.016998,            0.021789,             0.11359,             0.18979,             0.12895,            0.040602,            0.056402,           0.0097565,            0.016138,            0.009703,            0.009703,            0.009703
                   5,            0.063762,             0.01605,            0.018615,             0.24198,             0.29373,             0.18904,            0.060406,            0.051719,           0.0098099,            0.013974,            0.009604,            0.009604,            0.009604
                   6,            0.059328,            0.015752,            0.015401,             0.35232,             0.41181,             0.27181,            0.086686,            0.050772,           0.0087326,             0.01162,            0.009505,            0.009505,            0.009505
                   7,            0.056257,            0.015383,            0.014058,             0.31443,             0.45511,             0.35747,             0.11375,            0.047978,           0.0095696,            0.010631,            0.009406,            0.009406,            0.009406
                   8,            0.054405,             0.01469,            0.012462,             0.51062,              0.4601,             0.44223,             0.15775,            0.046139,            0.010019,            0.011553,            0.009307,            0.009307,            0.009307
                   9,            0.051988,            0.014395,            0.010841,             0.58184,             0.52523,             0.56874,             0.22326,            0.041965,           0.0080615,           0.0078948,            0.009208,            0.009208,            0.009208
                  10,            0.049908,            0.014246,            0.010061,             0.57623,             0.57326,             0.57763,             0.22768,            0.040565,           0.0084635,           0.0074209,            0.009109,            0.009109,            0.009109
                  11,            0.048666,            0.013656,           0.0098959,              0.6349,              0.5283,             0.58547,             0.23258,            0.042382,           0.0081035,           0.0092196,             0.00901,             0.00901,             0.00901
                  12,            0.047925,            0.013628,           0.0091985,             0.59432,             0.61848,             0.61816,             0.27495,            0.039334,           0.0071128,           0.0063808,            0.008911,            0.008911,            0.008911
                  13,            0.046406,            0.013069,            0.008653,             0.69981,              0.6653,             0.70678,             0.31798,            0.037585,           0.0068585,           0.0056032,            0.008812,            0.008812,            0.008812
                  14,            0.045401,            0.012981,           0.0088189,              0.7582,             0.71417,             0.76321,             0.36843,            0.036486,           0.0066754,           0.0049729,            0.008713,            0.008713,            0.008713
                  15,            0.044393,            0.012507,           0.0082794,             0.80595,             0.70814,             0.78192,             0.36952,            0.036958,           0.0065661,           0.0044447,            0.008614,            0.008614,            0.008614
                  16,             0.04382,            0.012401,           0.0074995,               0.814,             0.74041,             0.82184,             0.41072,            0.034594,           0.0063801,           0.0046128,            0.008515,            0.008515,            0.008515
                  17,            0.043351,            0.012108,           0.0074424,              0.8132,             0.74251,             0.82867,             0.38599,            0.035003,           0.0063124,           0.0046026,            0.008416,            0.008416,            0.008416
                  18,            0.042628,            0.011894,            0.006966,             0.83167,             0.78074,             0.84193,             0.42278,            0.033259,            0.005973,           0.0036239,            0.008317,            0.008317,            0.008317
                  19,            0.041724,            0.011787,            0.006488,             0.85214,             0.78424,             0.85482,             0.42677,            0.034575,           0.0058755,           0.0041725,            0.008218,            0.008218,            0.008218
                  20,            0.041621,            0.011612,           0.0066087,             0.87445,             0.77995,             0.87495,             0.45012,            0.033089,           0.0056128,           0.0040096,            0.008119,            0.008119,            0.008119
                  21,            0.040807,             0.01127,            0.006343,             0.85269,             0.81146,             0.87811,             0.43581,            0.032815,            0.005844,           0.0041939,             0.00802,             0.00802,             0.00802
                  22,            0.040526,            0.011276,            0.005749,             0.86271,             0.82001,             0.88435,             0.47239,            0.030879,           0.0056765,           0.0031573,            0.007921,            0.007921,            0.007921
                  23,            0.039475,            0.011033,           0.0061703,             0.86854,             0.82029,             0.89797,             0.48624,            0.031658,           0.0055474,           0.0035298,            0.007822,            0.007822,            0.007822
                  24,            0.039569,             0.01103,           0.0058829,             0.85769,             0.82108,             0.89131,             0.48649,            0.030475,           0.0054102,            0.003438,            0.007723,            0.007723,            0.007723
                  25,            0.039326,            0.010897,           0.0059108,             0.85199,             0.83545,             0.88282,             0.46335,            0.031912,           0.0053859,           0.0043438,            0.007624,            0.007624,            0.007624
                  26,            0.038993,            0.010735,           0.0055069,             0.89537,             0.83938,             0.91606,             0.50663,            0.030858,           0.0052631,           0.0035046,            0.007525,            0.007525,            0.007525
                  27,            0.038777,            0.010678,            0.005993,             0.89212,             0.85395,             0.90645,             0.50206,            0.030422,           0.0051242,           0.0034273,            0.007426,            0.007426,            0.007426
                  28,            0.038101,            0.010598,           0.0053452,             0.91622,             0.85469,             0.92411,             0.50563,            0.030161,           0.0051209,           0.0032467,            0.007327,            0.007327,            0.007327
                  29,             0.03814,            0.010495,           0.0057468,             0.88821,             0.84612,             0.90507,             0.50249,            0.030994,           0.0052187,           0.0034476,            0.007228,            0.007228,            0.007228
                  30,            0.037768,            0.010413,           0.0055515,             0.88978,             0.84908,             0.91855,             0.52803,            0.029626,           0.0051265,           0.0029586,            0.007129,            0.007129,            0.007129
                  31,            0.037202,            0.010237,           0.0048739,             0.91362,             0.86316,             0.92046,             0.53874,            0.029524,           0.0050182,           0.0033183,             0.00703,             0.00703,             0.00703
                  32,            0.036768,            0.010277,           0.0050012,             0.90682,             0.87938,             0.92705,             0.52972,            0.028948,           0.0049068,           0.0033618,            0.006931,            0.006931,            0.006931
                  33,            0.036322,            0.010118,            0.005624,             0.90933,             0.88046,             0.92968,             0.53696,            0.028747,           0.0050409,           0.0029153,            0.006832,            0.006832,            0.006832
                  34,            0.036136,            0.010175,           0.0044976,             0.90264,             0.89865,             0.93397,             0.54432,            0.028916,           0.0048325,           0.0028991,            0.006733,            0.006733,            0.006733
                  35,            0.036251,           0.0099573,           0.0047735,             0.92257,             0.89601,             0.93823,             0.54341,            0.028437,           0.0047848,           0.0029691,            0.006634,            0.006634,            0.006634
                  36,             0.03562,            0.010073,           0.0048813,             0.91187,             0.89185,             0.93898,             0.54427,            0.028053,           0.0047755,           0.0028236,            0.006535,            0.006535,            0.006535
                  37,            0.036163,           0.0099934,           0.0051298,             0.90104,             0.87763,             0.92521,             0.53359,            0.028044,           0.0048795,            0.003132,            0.006436,            0.006436,            0.006436
                  38,            0.035288,           0.0098473,           0.0044848,             0.92816,             0.88158,             0.94031,             0.55789,            0.027893,           0.0047305,           0.0024884,            0.006337,            0.006337,            0.006337
                  39,            0.035234,           0.0097034,           0.0042049,             0.93275,             0.90918,             0.94643,             0.56547,            0.027388,           0.0046692,           0.0024307,            0.006238,            0.006238,            0.006238
                  40,            0.035391,           0.0097426,            0.004279,             0.94618,              0.8937,             0.94994,             0.57322,             0.02775,           0.0046087,           0.0023746,            0.006139,            0.006139,            0.006139
                  41,            0.035058,            0.009766,           0.0040583,             0.91466,             0.91058,             0.94845,             0.56216,            0.027387,           0.0045675,           0.0024597,             0.00604,             0.00604,             0.00604
                  42,            0.034866,           0.0095102,           0.0041297,             0.92652,             0.90904,             0.95104,             0.56947,            0.027284,           0.0046295,           0.0024094,            0.005941,            0.005941,            0.005941
                  43,            0.034276,           0.0096357,            0.004605,              0.9343,             0.91791,             0.95275,             0.57897,            0.026625,           0.0044926,           0.0029379,            0.005842,            0.005842,            0.005842
                  44,            0.034244,           0.0095169,           0.0040243,             0.93257,             0.91307,             0.94943,               0.574,            0.026791,           0.0045323,           0.0026581,            0.005743,            0.005743,            0.005743
                  45,            0.033759,           0.0095235,           0.0039616,             0.94188,              0.9079,             0.95105,              0.5829,             0.02591,           0.0043965,           0.0021627,            0.005644,            0.005644,            0.005644
                  46,            0.033853,           0.0094114,           0.0037526,             0.93079,             0.91535,             0.95276,             0.58721,            0.025789,           0.0044829,           0.0024151,            0.005545,            0.005545,            0.005545
                  47,            0.033852,           0.0092945,           0.0040741,             0.93227,              0.9088,             0.95594,             0.59133,            0.026016,           0.0043745,           0.0021614,            0.005446,            0.005446,            0.005446
                  48,            0.033371,            0.009368,           0.0038731,             0.92298,             0.92445,              0.9584,             0.59267,            0.026014,           0.0043956,           0.0022797,            0.005347,            0.005347,            0.005347
                  49,            0.033457,           0.0092451,           0.0034818,             0.94048,             0.91843,             0.95599,             0.59569,            0.025597,           0.0043666,            0.002275,            0.005248,            0.005248,            0.005248
                  50,             0.03331,            0.009279,           0.0040475,             0.93866,             0.92219,             0.95632,             0.59925,            0.025628,           0.0043668,           0.0021837,            0.005149,            0.005149,            0.005149
                  51,            0.032732,           0.0091701,           0.0037747,             0.93131,             0.92487,             0.95635,             0.60723,            0.025512,           0.0043143,           0.0021487,             0.00505,             0.00505,             0.00505
                  52,            0.033008,           0.0092347,           0.0034987,             0.95558,             0.91941,             0.95974,             0.61125,            0.025209,           0.0042686,            0.002009,            0.004951,            0.004951,            0.004951
                  53,            0.032647,           0.0091436,            0.003578,             0.93331,             0.91258,             0.95342,             0.59968,            0.025252,           0.0043398,            0.002037,            0.004852,            0.004852,            0.004852
                  54,            0.032689,           0.0091384,           0.0041577,             0.94168,             0.92539,             0.96276,             0.60575,            0.025246,           0.0042299,           0.0021631,            0.004753,            0.004753,            0.004753
                  55,            0.032452,           0.0090825,           0.0033225,             0.93619,             0.92684,             0.96241,              0.6074,            0.025243,           0.0041853,           0.0026007,            0.004654,            0.004654,            0.004654
                  56,            0.032104,            0.009092,           0.0034414,             0.94048,             0.91396,             0.96014,             0.60946,            0.025114,           0.0042781,            0.002351,            0.004555,            0.004555,            0.004555
                  57,            0.032056,            0.008772,           0.0032995,             0.94869,             0.91287,             0.96261,             0.62068,            0.024945,           0.0041731,           0.0020934,            0.004456,            0.004456,            0.004456
                  58,            0.032269,           0.0088603,           0.0033896,             0.94571,             0.92365,             0.96303,             0.61898,            0.024775,           0.0041925,           0.0019819,            0.004357,            0.004357,            0.004357
                  59,            0.031683,           0.0088764,           0.0033745,             0.94188,             0.91724,             0.96456,             0.62107,            0.024686,           0.0041514,           0.0022322,            0.004258,            0.004258,            0.004258
                  60,            0.031734,           0.0088724,           0.0031107,             0.94018,             0.91703,              0.9618,             0.62057,             0.02473,           0.0041551,           0.0016571,            0.004159,            0.004159,            0.004159
                  61,            0.031605,           0.0088793,           0.0033226,             0.95473,             0.92403,             0.96413,             0.62275,            0.024706,           0.0041232,           0.0018434,             0.00406,             0.00406,             0.00406
                  62,              0.0312,           0.0088783,           0.0031632,             0.94214,             0.93091,             0.96574,             0.62076,            0.024523,           0.0041031,           0.0016926,            0.003961,            0.003961,            0.003961
                  63,            0.031335,           0.0087445,           0.0032805,             0.95737,             0.92321,             0.96367,             0.62749,            0.024619,           0.0040753,           0.0021245,            0.003862,            0.003862,            0.003862
                  64,            0.031076,           0.0084969,           0.0028464,             0.94208,             0.93951,             0.96303,             0.63036,            0.024145,            0.004035,           0.0021687,            0.003763,            0.003763,            0.003763
                  65,            0.031189,           0.0086266,           0.0030466,             0.95563,             0.92888,             0.96697,             0.62756,            0.024117,           0.0040391,           0.0018819,            0.003664,            0.003664,            0.003664
                  66,            0.030926,           0.0086295,           0.0030722,             0.95129,             0.94007,             0.96501,             0.62705,            0.024611,           0.0040771,           0.0016087,            0.003565,            0.003565,            0.003565
                  67,            0.031057,            0.008666,           0.0030259,             0.95217,             0.93383,             0.96399,             0.62213,            0.024282,           0.0040444,             0.00208,            0.003466,            0.003466,            0.003466
                  68,            0.030701,           0.0086377,            0.003033,             0.94898,             0.93259,             0.96504,             0.63052,             0.02444,           0.0040302,           0.0016146,            0.003367,            0.003367,            0.003367
                  69,            0.030588,           0.0086047,           0.0028857,             0.95468,             0.93209,              0.9659,             0.63193,            0.023942,           0.0039909,           0.0019284,            0.003268,            0.003268,            0.003268
                  70,            0.030628,           0.0085395,           0.0028927,             0.95692,             0.93949,             0.96694,             0.63683,            0.024082,           0.0039342,           0.0017558,            0.003169,            0.003169,            0.003169
                  71,            0.029857,           0.0085047,           0.0027776,               0.958,             0.93832,             0.96924,             0.63691,            0.023903,           0.0039484,           0.0017373,             0.00307,             0.00307,             0.00307
                  72,             0.02984,           0.0083111,           0.0024949,             0.95325,             0.93975,             0.96904,             0.63073,            0.024067,           0.0039448,           0.0017137,            0.002971,            0.002971,            0.002971
                  73,            0.030004,           0.0085663,           0.0029382,             0.94608,             0.94394,             0.96836,              0.6449,            0.023658,           0.0039135,           0.0017731,            0.002872,            0.002872,            0.002872
                  74,            0.030112,           0.0084113,           0.0026928,             0.96104,             0.94837,             0.96681,             0.63991,            0.023724,           0.0039111,           0.0016409,            0.002773,            0.002773,            0.002773
                  75,            0.029858,           0.0083175,           0.0027396,             0.94951,             0.93752,             0.96618,             0.63776,            0.023727,           0.0038996,           0.0018039,            0.002674,            0.002674,            0.002674
                  76,            0.029748,           0.0084587,           0.0025319,              0.9639,             0.93896,              0.9663,             0.63923,            0.023407,           0.0038846,           0.0017965,            0.002575,            0.002575,            0.002575
                  77,              0.0295,           0.0082584,           0.0025532,             0.96064,             0.93084,             0.96626,             0.64451,            0.023483,           0.0039031,           0.0015636,            0.002476,            0.002476,            0.002476
                  78,            0.029134,            0.008332,           0.0024149,             0.95257,             0.94198,             0.96423,             0.64427,            0.023554,           0.0038983,           0.0014745,            0.002377,            0.002377,            0.002377
                  79,            0.029235,           0.0082216,           0.0026036,             0.95815,             0.95069,             0.96776,             0.64178,            0.023567,           0.0038496,           0.0016186,            0.002278,            0.002278,            0.002278
                  80,            0.029549,             0.00828,           0.0027196,             0.96123,             0.93852,             0.96525,             0.64851,             0.02307,           0.0038394,           0.0016997,            0.002179,            0.002179,            0.002179
                  81,            0.028817,           0.0082556,           0.0025285,             0.96362,             0.93655,             0.96761,             0.64647,             0.02321,           0.0038409,           0.0016178,             0.00208,             0.00208,             0.00208
                  82,            0.028803,           0.0083296,           0.0023589,             0.96419,              0.9423,             0.96604,             0.64997,            0.023299,           0.0038469,           0.0015001,            0.001981,            0.001981,            0.001981
                  83,             0.02891,            0.008445,           0.0024732,             0.95928,             0.94693,             0.97021,             0.64797,            0.023189,           0.0038324,           0.0013727,            0.001882,            0.001882,            0.001882
                  84,            0.028284,           0.0081738,           0.0023944,             0.95391,             0.94769,             0.97092,             0.64787,             0.02311,           0.0038143,           0.0016179,            0.001783,            0.001783,            0.001783
                  85,            0.028734,           0.0081876,           0.0021021,             0.95544,             0.94382,              0.9705,             0.65127,            0.022983,           0.0038127,           0.0017954,            0.001684,            0.001684,            0.001684
                  86,             0.02812,           0.0079899,           0.0021626,             0.95563,             0.94468,              0.9684,             0.65103,             0.02324,           0.0037973,           0.0016394,            0.001585,            0.001585,            0.001585
                  87,            0.028514,           0.0081003,           0.0020541,             0.96002,             0.94753,              0.9715,             0.65285,            0.022991,           0.0037863,           0.0016289,            0.001486,            0.001486,            0.001486
                  88,            0.028216,           0.0081712,           0.0021168,             0.95367,             0.94927,             0.96907,             0.65229,            0.023078,           0.0037864,           0.0015718,            0.001387,            0.001387,            0.001387
                  89,            0.027985,           0.0080473,           0.0020345,             0.96569,             0.94037,             0.97063,             0.65204,            0.022833,           0.0037822,           0.0016222,            0.001288,            0.001288,            0.001288
                  90,            0.027772,           0.0079569,           0.0022361,             0.96798,             0.94091,             0.97172,             0.65599,            0.022874,           0.0037654,           0.0014059,            0.001189,            0.001189,            0.001189
                  91,            0.027967,           0.0080088,            0.001942,             0.95741,             0.94734,             0.97019,             0.65887,             0.02274,           0.0037591,           0.0015978,             0.00109,             0.00109,             0.00109
                  92,            0.027525,           0.0079502,           0.0024021,             0.95585,             0.94813,             0.96939,             0.65858,            0.022932,           0.0037653,           0.0017519,            0.000991,            0.000991,            0.000991
                  93,            0.027677,           0.0080767,           0.0019618,             0.96575,             0.94287,             0.97055,             0.65709,            0.022901,           0.0037291,           0.0016024,            0.000892,            0.000892,            0.000892
                  94,            0.027348,           0.0080017,           0.0021407,             0.96159,             0.94733,              0.9713,              0.6595,            0.022832,             0.00373,           0.0015797,            0.000793,            0.000793,            0.000793
                  95,            0.027673,           0.0079218,           0.0021004,             0.96346,              0.9439,             0.97131,             0.65843,            0.022669,           0.0037226,           0.0016803,            0.000694,            0.000694,            0.000694
                  96,            0.027148,           0.0079014,           0.0017708,              0.9722,              0.9354,             0.97257,             0.66029,            0.022629,           0.0037104,           0.0014153,            0.000595,            0.000595,            0.000595
                  97,            0.027202,           0.0079814,           0.0019316,             0.97231,             0.93896,             0.97135,             0.66025,            0.022641,           0.0037167,           0.0015624,            0.000496,            0.000496,            0.000496
                  98,            0.026756,           0.0078058,           0.0019392,             0.97597,              0.9435,             0.97135,             0.65736,            0.022654,            0.003714,           0.0013536,            0.000397,            0.000397,            0.000397
                  99,            0.027115,           0.0078984,           0.0017979,             0.96753,             0.94226,             0.97171,             0.66097,            0.022696,           0.0037109,           0.0015925,            0.000298,            0.000298,            0.000298
